<beans xmlns="http://www.springframework.org/schema/beans"
	xmlns:xsi="http://www.w3.org/2001/XMLSchema-instance"
	xmlns:context="http://www.springframework.org/schema/context"
	xsi:schemaLocation="http://www.springframework.org/schema/beans
	http://www.springframework.org/schema/beans/spring-beans.xsd
	http://www.springframework.org/schema/context
	http://www.springframework.org/schema/context/spring-context.xsd">
	<bean id="localDate" class="java.time.LocalDate">
	<constructor-arg index="0" value="1995">
	
	 </constructor-arg>
	 <constructor-arg index="1" value="5">
	
	 </constructor-arg>
	 <constructor-arg index="2" value="5">
	
	 </constructor-arg>
	</bean>
	<bean id="customer" class="com.cgi.springcoreutil.models.Customer">
	<property name="customerId" value="53673"></property>
	<property name="name" value="Amit"></property>
	<property name="dob" ref="localDate"></property>
	</bean>
	
	</beans>